"","logFC","logCPM","PValue","FDR"
"GGCAGUG",8.11350993922046,15.7043482484723,4.6646531032681e-46,8.02320333762113e-44
"ACAGUAG",-4.73338007912584,10.6836206635634,1.15445287651359e-30,8.19370640448945e-29
"UAGUAGA",-5.61713731926186,12.0368566181358,1.42913483799235e-30,8.19370640448945e-29
"AUACAAG",-5.82212473941018,11.0523718333862,4.63619653553772e-30,1.99356451028122e-28
"CUCGACU",-5.40451064122781,10.1851249394951,3.78043186695209e-29,1.30046856223152e-27
"AUAUAAC",-4.81431070815529,11.6652059012453,2.36269851257856e-28,6.77306906939188e-27
"CUCCAGC",14.1780337707418,8.70037104070721,2.99755497840116e-28,7.36542080407143e-27
"UCACUAA",7.91274961322108,7.54806597411511,8.23588173013797e-28,1.77071457197966e-26
"ACUGAUG",10.7246993795536,7.30852234179228,2.72782293471444e-27,5.21317271967649e-26
"GGACGGA",7.72996382553778,9.66462506425258,7.26177517356285e-27,1.24902532985281e-25
"CGGAUCC",-5.32698644303065,15.4729455549673,2.87424148594745e-25,4.49426850529964e-24
"AUCACUA",7.88882224921385,10.2103428626101,3.28042902024536e-25,4.70194826235169e-24
"CAAGAGC",-6.48997344134138,8.64561255116552,9.1602130773771e-25,1.21196665331451e-23
"CCACCGA",-6.17655961469771,9.83799032126293,1.84540752186997e-24,2.26721495544025e-23
"UCACAGC",-7.11405728739395,7.82962096254631,1.35937405606944e-23,1.55874891762629e-22
"GAGACAG",10.9690254411169,8.5847196709835,2.78956061792711e-23,2.99877766427164e-22
"AGUAGAC",-4.56023660774138,13.4114781847269,5.36502112269207e-23,5.42813901825315e-22
"AACAUUG",13.0397192966927,12.7877325792562,2.20596127055249e-22,2.02222019639986e-21
"AUGCAAG",-5.11388301277825,8.91342662797791,2.23384789137194e-22,2.02222019639986e-21
"GGUCAGA",-7.84325273294664,8.02206840078573,4.70359282912536e-22,4.04508983304781e-21
"AUGUAAC",-5.17298203750723,8.09495199244901,1.25775855076644e-21,1.03016414634204e-20
"UUCUGGG",12.1864814158118,6.68295119570217,4.84007146444536e-21,3.78405587220274e-20
"AGGCAGU",8.24024194783449,7.02142931813252,6.08389822457331e-21,4.4316769914924e-20
"AUGUAGU",-6.82135786235571,7.12271265973053,6.18373533696613e-21,4.4316769914924e-20
"CAGUAGU",-4.80831868250422,13.3925497084185,9.05931585059129e-21,6.23280930520681e-20
"CCAUGAA",14.1023923783825,8.81009851760105,2.62263714503017e-20,1.73497534209688e-19
"AAGAAAC",11.3187822118792,9.20145844252263,3.28161057591064e-19,2.09050747798752e-18
"UUUUCAU",-4.54911968584018,8.64014213551349,7.12856336909006e-19,4.37897464101246e-18
"UUGAACC",-5.90144970364943,12.5449653404551,1.10886893675086e-18,6.57673990072925e-18
"UUGUUCG",8.28291168726881,12.1477075493188,4.08356868530617e-18,2.34124604624221e-17
"AUCUUGU",11.7013807416041,6.96393011532027,1.94603388757755e-17,1.07973493117206e-16
"UCCUAUG",-4.10214010585993,11.7580593409874,6.13982600017465e-17,3.30015647509387e-16
"GUUUUCU",9.66859944546923,6.6483357985843,1.30173091777476e-16,6.78477932900784e-16
"AAAACAU",-4.74185871381616,8.10551722040574,2.24334941731371e-16,1.13487088169988e-15
"UGAGACA",12.6468189847861,7.64500770266221,5.45592122074965e-16,2.68119557133983e-15
"GGCGUCA",-5.62910290147179,7.248947752441,5.67248181875756e-16,2.71018575785084e-15
"GCUCGAC",-5.96061263650229,8.30411637016296,7.13792148171186e-16,3.318168905012e-15
"GCCUGUC",-4.6587285640755,7.4395010969231,7.76162269570072e-16,3.51315553594875e-15
"CAGCAGG",-4.476329136785,8.30423050804873,8.82878041316608e-16,3.89371854119119e-15
"UCCAGCC",10.8546291511057,5.73848194307187,9.26043643324365e-16,3.98198766629477e-15
"AACAUGA",-5.09937154832141,8.05563355957769,1.05638445551204e-15,4.43166161824562e-15
"CCCUGAG",-4.28752549582536,14.5369320001633,1.46450164974218e-15,5.9974829465632e-15
"CGGUCGA",-6.43238224102377,7.40590527459154,2.8495294588908e-15,1.13981178355632e-14
"CGGGUUA",-4.93100360637945,7.44503107100413,3.86715762983358e-15,1.5117070734804e-14
"CUCCAUU",-5.01923924247027,8.85097953591846,5.39029228779577e-15,2.0602894966686e-14
"GUCUUGC",-6.0165946916637,9.65276130673124,5.67692605987348e-15,2.12267670064835e-14
"UCGGAUC",-4.59051434234529,7.4787586603436,8.6106135544604e-15,3.15111815184508e-14
"GUGACUG",-4.77576275091736,6.99008676884006,9.14067843299012e-15,3.27540977182146e-14
"AGUAGUC",-4.42134298753165,10.2457735802826,1.43256601829462e-14,5.028599084626e-14
"UUUGCAG",-4.62927998443255,7.98762164556574,1.52436628567973e-14,5.24382002273826e-14
"GCGGGGC",-3.39079751823498,8.96360971236734,2.72452008889517e-14,9.18857755470529e-14
"AGGUAGU",-4.81645557082601,8.5275895387855,5.62173839527613e-14,1.85949808459133e-13
"UGUAUCU",10.5702047585959,5.90321610467574,5.82008156799965e-14,1.88878118810555e-13
"UCAUCGU",-5.03364997742794,6.73216438143176,8.71284390855254e-14,2.77520213383525e-13
"CCAUCGA",-3.13641942460518,9.07516058941922,2.86062164968787e-13,8.94594406811479e-13
"UUUGUUC",8.04140323663377,6.20412174419392,8.02221771543526e-13,2.43145573256113e-12
"GACCUCU",7.82291592094487,6.28362326731966,8.05773120674327e-13,2.43145573256113e-12
"CAGGCUC",-4.35389498549413,8.59650925579035,9.91941357173141e-13,2.94161919713414e-12
"GGUUGGG",-3.19310690329661,7.76041511806889,2.56033359126962e-12,7.4640233508199e-12
"AAGUUCU",-2.96620318681756,8.96870150838399,3.95912966927914e-12,1.13495050519335e-11
"GUGAGAC",10.3442465479577,5.49594738453278,5.08466360732792e-12,1.43370842698427e-11
"AGGGAUU",-3.76942295840397,12.379173674352,5.72237281365276e-12,1.58749697411012e-11
"CGAUCGG",-5.81652632725108,6.79713902276079,1.05306155467977e-11,2.87502519690349e-11
"AUGUUGC",-4.43257909188263,7.66097778887577,4.92530239947585e-11,1.32367501985913e-10
"CCGAGCC",-4.20081927672237,7.072523575969,5.89992108302701e-11,1.56120988658561e-10
"GAGGUAG",-2.34674416010588,15.3046487837921,7.59065568071629e-11,1.97817087436849e-10
"AGGAGCU",-3.49006608782341,8.13708979083679,8.39527591964174e-11,2.15520516146027e-10
"ACAGCAG",-4.5334607166715,7.85644175218685,8.62435730932459e-11,2.18145508412328e-10
"GAAGGGG",7.78237952419699,5.92084653796787,9.4825463646216e-11,2.36376518074625e-10
"CUGGCUC",-3.58684557456636,7.19734862643067,9.9373601453629e-11,2.44175135000346e-10
"AUCAUCG",-5.56759714293117,10.4756113747071,1.08290641472451e-10,2.62337892017768e-10
"AAUGUUG",-2.95203738316496,9.58524966615548,1.24767080759628e-10,2.98054692925779e-10
"ACAUUCA",-3.26532943701323,15.5353802183202,3.71186142812157e-10,8.74575569365631e-10
"GCAGAGG",-2.65116510630927,9.8153908846147,3.76565819280648e-10,8.75261093463128e-10
"UGUGCGU",-3.31747628723218,7.31300975172271,4.44409897494908e-10,1.01918003158832e-09
"GCUCGGU",-2.91812490140285,9.6086316862267,4.96405214313094e-10,1.12344337976121e-09
"GGUAGAU",-2.57045411728673,7.03742694858452,5.54208522800402e-10,1.237972284697e-09
"GAGGUUG",-2.79022365646511,7.52458876674983,2.26023344497242e-09,4.98410451968277e-09
"CAAGUCA",-2.98291763576185,8.33830452854263,2.39764684220337e-09,5.22019312479722e-09
"UAUACGA",-3.27028134850389,8.72010178469638,3.84694782147336e-09,8.27093781616771e-09
"AGGUAGA",3.2576011544319,10.4079535811815,4.9581995570567e-09,1.05285225162192e-08
"CCAGUGU",-4.43813170575163,10.8799442607206,1.85603326718987e-08,3.89314295069094e-08
"ACCCGUA",-3.23452201813628,14.7615173499774,2.39879584777034e-08,4.97099862429517e-08
"GAACUAU",-2.90013739683806,7.37039685961066,2.51387330077411e-08,5.14745485396603e-08
"AACUAGA",-5.65042690450905,7.22832840089412,2.92640534112787e-08,5.92166727851758e-08
"UUUGCGA",-4.26073193965752,8.1509386152821,4.49052637560824e-08,8.98105275121649e-08
"GAGAAUG",5.93953069475001,5.11847167842844,6.1154154654054e-08,1.20902466672383e-07
"AAAGCUG",-2.94067286618123,8.01362951774649,7.5568854965105e-08,1.47702761977251e-07
"UUCCUAU",-3.35541242631509,7.52299785162912,1.2238042201373e-07,2.36510478498445e-07
"CCUGAGA",-3.56429160222971,9.14743046548321,1.98369950316139e-07,3.79107016159732e-07
"UGACCUA",2.33204974123861,11.3848594495066,2.04322326425552e-07,3.84165952516676e-07
"ACUCCAU",2.19165927913392,6.49667410461724,2.05484114136827e-07,3.84165952516676e-07
"CGUCCUG",-2.51725381688264,9.08597383199209,3.09432758373713e-07,5.72284241293319e-07
"GAGGUAU",-3.60688896241341,7.11457088173917,3.50201359362865e-07,6.4079397670652e-07
"UAGACUG",-2.08704049839722,11.7096253612139,3.64947373948977e-07,6.60746824412884e-07
"UCACAGU",-2.25617988758251,14.1296038265921,4.99629676036699e-07,8.9516983623242e-07
"AAUACUG",-2.46163465601275,8.13421552868802,7.25151514322427e-07,1.285835674881e-06
"GGUAGAC",-4.11939323823974,7.80280274037298,9.29882461655272e-07,1.63203860617048e-06
"CAGUGCA",-2.2647044459819,15.0340542003867,1.23021410384381e-06,2.13734167536499e-06
"UGUGCUU",-2.29744439079456,7.70238817438964,1.67056104798339e-06,2.87336500253143e-06
"GCAGCAU",-1.71357067303219,11.2370173572244,1.7490344127964e-06,2.97855365347505e-06
"AUGACAC",2.08441643515769,9.19552961324973,4.59872846153838e-06,7.75471858220197e-06
"AGCACCA",2.43474151615692,8.57167445365125,7.14755968837015e-06,1.19357307417443e-05
"AGCUGCC",-2.0201959013883,15.1099280633665,1.16441686493288e-05,1.92576635354285e-05
"GGUUACC",-2.96745530137923,7.63033659911937,1.40770086958114e-05,2.30594809112339e-05
"UAUCAGA",-2.76517100345126,6.93240026294652,1.48502558562294e-05,2.40966415780325e-05
"ACUGUGU",1.89939368068161,11.7002218660954,2.52890360537188e-05,4.06515345910246e-05
"AAAGACA",2.64603281908386,9.79800805136697,2.75698438116128e-05,4.39075290333092e-05
"CCACAGG",-1.75508953891378,9.15166603533697,2.82409382713503e-05,4.45636824098371e-05
"CUGGACU",-1.59576239328972,9.82408635821342,3.21211776780158e-05,5.02258414601702e-05
"GAGAGAU",2.32466573007068,10.9721227038041,9.72452100175482e-05,0.000150686271378543
"GCUACAU",-3.12065143525796,7.07406219038381,0.000153343582478253,0.00023549193023446
"AAAGAAU",-2.19497360952011,10.6924791132284,0.00020589585648665,0.000313399002793838
"CUUUGGU",1.8947939143961,6.86919672681746,0.00035725291629432,0.000539013171952833
"UCAAGUA",-2.41209894072317,14.9734001015674,0.000382569415840411,0.000572190778474354
"ACCACAG",-1.36247046711795,8.07136713611565,0.000443265252193101,0.000657255373941495
"AAGUGCU",-1.95440656395319,6.64427242495292,0.000794684346404684,0.00116825391095389
"AACUGCA",1.87591390961955,7.57954218397634,0.000847743378461129,0.00123569373809588
"GACUGGC",1.94065370888751,14.2106928914304,0.00092494881124439,0.00133690080280702
"AAGACAU",2.21553902028165,8.03517296161132,0.000992738989297228,0.00142292588465936
"CUCAAAC",-2.41081375683291,6.39222706312475,0.00153735461433946,0.00218533052616849
"GACCUAU",1.24321917948388,8.21074816426712,0.00203177274808595,0.00286446649730151
"AGUGCAA",-1.10451236329636,11.5709208364086,0.00332764316296817,0.00465328962626443
"AAAGUGC",-1.10023116115478,11.2715378286635,0.00493106951852284,0.00683987062246716
"CCUGUAC",1.96761308052117,11.3172587645834,0.00523986232382996,0.00721005055759003
"UACAGUA",-1.39996811338308,9.61719545498644,0.0113179320829724,0.0154498755418353
"GAAUGUU",-1.54404505432894,8.12588254680449,0.0114378043731687,0.0154536956024398
"AUGCCUU",-1.03995449616366,8.99299026855141,0.0115004246343738,0.0154536956024398
"CCAUAAA",1.11760181504957,8.44566998802078,0.0170627544109668,0.0227277000533062
"AGCUUAU",-0.878942484952376,12.1153203504994,0.0171779128309873,0.0227277000533062
"AACCGUU",1.38557275019501,7.69123481565383,0.0181443702321436,0.0238231425948756
"AUUCAGA",0.913892481241562,10.1235114609898,0.0215611578414221,0.0280948420357924
"CCCUGUA",-1.70810954679408,15.6735188429612,0.0268455652198904,0.0347175730663244
"ACCCUGU",-1.56505605143996,18.1262885431231,0.0334541705622752,0.0429411741545622
"AUGCACC",-1.164608082674,6.98383704700471,0.0346397294141792,0.0441335811795469
"ACGGAAU",1.12300111029454,9.05655245734639,0.0353524617350353,0.0447104663119564
"AUAAAGU",1.30498593460198,7.80363755378814,0.045925519244965,0.0576583161323648
"GAGAACU",1.7789430273536,9.63821832820419,0.0466330953505665,0.0581224086978075
"ACAGUAC",-1.10209042716034,8.83171905806241,0.0518325076736664,0.0641380670494289
"GAGGGGC",-1.08346630093785,9.16292387794934,0.0620181757622881,0.0761937587936683
"UACCCUG",-1.11502498944086,7.58789623484124,0.0672044357147224,0.0819798790278883
"AACGGAA",1.04603299342222,14.6497203867503,0.0745557220085529,0.0903069308835993
"UUCCUGG",-1.19111096557363,8.37661933294822,0.0793924638023522,0.0954930333846474
"ACCUAAU",-0.911732913898302,8.79017049131278,0.0837416531696539,0.100024752397087
"AGCAGCA",-0.709446809943725,13.9823705746715,0.103212501238455,0.122431380779409
"CUCACAC",-1.13225860557432,8.26804922175723,0.120996475048365,0.142543792522731
"GUAAACA",-0.582286169950508,15.3932323712168,0.125507372126445,0.146852163304412
"GUGCAAA",0.561202517991918,9.89210972831777,0.135589651212681,0.157577162220143
"AUCUAGU",0.546056673761004,8.58026829880849,0.193364753272682,0.223213003777862
"UCACAUU",-0.86142815477973,8.85803184382088,0.235782534045768,0.270363972372481
"AGGUUAC",-0.480875403154966,9.32156933816098,0.249808319869435,0.284549874288363
"CGAGGAG",-0.476796750660089,11.3263766634836,0.262835052588439,0.29741861213955
"UAAACAU",-0.411676180276882,8.50871174840953,0.300652065504382,0.337987942919959
"UCUUGGA",0.495651089963232,13.0697148627848,0.330448247837023,0.369072069012779
"UAUAAAG",-0.550844549798353,10.9065296696286,0.338377879593367,0.375490292193929
"UUGGCAA",-0.464557233720162,11.8584666521554,0.369878234492861,0.407814463671616
"AUUUAGA",0.359327157136308,11.256746553321,0.434064951725771,0.475536125457533
"UUUCAGU",0.327525273897295,10.7539074001291,0.437392695536954,0.476149010331367
"AUUGCAC",0.352750683243827,14.86992510067,0.455868776827233,0.493141066756504
"CGCACUG",-0.341026192525204,7.72727858129292,0.497906761656147,0.535249768780358
"GGCUCAG",-0.503242702220416,8.26429834506616,0.520793109049789,0.556375246935179
"CACAGUG",0.202704943707347,8.40862039173456,0.583633884160519,0.619660667133391
"GAGAUGA",0.254787159277408,15.9367158522805,0.588317936489054,0.620801748933235
"GAUCAGG",-0.243575230451505,9.21201613532092,0.601557166925068,0.630901418970193
"UGAAAUG",-0.245904995151961,7.37659774017418,0.606475927436038,0.632205209206052
"UCCCUUU",0.354600022706988,8.43290533340778,0.619661875125568,0.642059292298782
"CGUACCG",-0.373374086152501,8.90922488320374,0.674632554613869,0.694831134093326
"UGAGAUG",-0.213886438283986,8.95990016371831,0.684231963553502,0.700523200780966
"AUGGCAC",-0.19900213304612,8.37130534175427,0.718614197187108,0.731370662225933
"UCCAGUU",-0.0664719081826003,8.88264449028472,0.938618391600748,0.949660960913698
"AUUAUUA",0.0224014676336869,12.0148297557713,0.982002896663194,0.982431206376543
"AUCAGGG",-0.0130174828346222,9.44692306077055,0.982431206376543,0.982431206376543
